{
  "accuracy": 0.8978978978978979,
  "f1_macro": 0.8891256093314763,
  "f1_weighted": 0.8974608443750156,
  "precision_macro": 0.892677743431221,
  "recall_macro": 0.8860098930412037,
  "false_positives": 
}